epoch,balance_loss,edge_loss,fw_loss,loss,lr,p_loss,val_balance_loss,val_edge_loss,val_fw_loss,val_loss,val_p_loss,val_weymouth_loss,weymouth_loss
0,1903.4422607421875,10768.58203125,3191.7841796875,3191.7841796875,0.009984208,782878.8125,1.875293187992453e+17,3665492057260032.0,1.673231297591378e+17,1.673231297591378e+17,1.2926102650277069e+17,inf,6.262815483033027e+17
1,1439.9842529296875,10756.1435546875,2058.950439453125,2058.950439453125,0.009967391,768516.375,4843846500352.0,55072563200.0,5202843795456.0,5202843795456.0,6802030723072.0,inf,4.334575484403712e+17
2,2556.326171875,10758.849609375,955.0755615234375,955.0755615234375,0.009950603,758761.0625,655554052096.0,411595735040.0,531970981888.0,531970981888.0,574419435520.0,1.317443024488366e+33,1.365735828453589e+18
3,3382.536865234375,10785.7919921875,235.27435302734375,235.27435302734375,0.009933842,760070.3125,264252672.0,132214952.0,49183440.0,49183440.0,72107920.0,5.542270300219619e+25,7.444302574607401e+17
4,3474.70947265625,10794.0703125,158.9199676513672,158.9199676513672,0.00991711,759664.4375,321311.53125,137772.46875,160391.078125,160391.078125,877638.4375,7.310443466068695e+20,8.314992088747868e+17
5,3504.66357421875,10803.947265625,143.56141662597656,143.56141662597656,0.009900406,759502.375,23086.072265625,19940.13671875,13657.9130859375,13657.9130859375,749014.0625,4.442899988447494e+18,7.760592899816817e+17
6,3445.1806640625,10810.201171875,125.70996856689453,125.70996856689453,0.009883731,759789.3125,3252.941650390625,11763.111328125,895.8704223632812,895.8704223632812,761550.4375,2.3394252210621645e+17,7.630353685922447e+17
7,3455.066162109375,10813.466796875,131.8668212890625,131.8668212890625,0.009867083,759879.1875,3151.2607421875,11675.8603515625,663.7453002929688,663.7453002929688,762093.375,2.572781102175355e+17,7.783246275322839e+17
8,3455.241455078125,10809.966796875,144.03407287597656,144.03407287597656,0.009850464,759912.1875,3455.19384765625,11181.720703125,240.08413696289062,240.08413696289062,757120.625,6.539804452302356e+17,8.325308256595476e+17
9,3387.46435546875,10810.26171875,134.53334045410156,134.53334045410156,0.009833872,759861.4375,2554.03173828125,10942.9072265625,351.11639404296875,351.11639404296875,760164.375,3.5880665314911846e+17,7.512356846808596e+17
10,3468.222412109375,10811.2392578125,112.93814849853516,112.93814849853516,0.009817308,759546.375,3194.348388671875,11043.5576171875,190.3835906982422,190.3835906982422,759670.9375,5.3710998705956454e+17,8.201332823005594e+17
11,3459.809326171875,10812.939453125,101.70128631591797,101.70128631591797,0.009800772,759532.75,2099.1103515625,10861.7265625,409.13824462890625,409.13824462890625,764698.8125,1.6001263156487782e+17,7.843265179109294e+17
12,3440.86328125,10814.435546875,107.21159362792969,107.21159362792969,0.0097842645,759596.5625,2268.0810546875,10868.15234375,332.5880432128906,332.5880432128906,764684.4375,2.0163363062205645e+17,7.962639156536934e+17
13,3443.815673828125,10814.2783203125,98.42516326904297,98.42516326904297,0.009767784,759523.5,2267.098388671875,10836.814453125,340.1232604980469,340.1232604980469,765350.25,1.996620860143698e+17,7.681410195552993e+17
14,3447.59814453125,10814.220703125,86.77201080322266,86.77201080322266,0.009751332,759592.9375,2338.690185546875,10818.3271484375,295.3169860839844,295.3169860839844,765616.6875,2.1613349175296e+17,7.67123833860653e+17
15,3446.0166015625,10813.0166015625,85.19763946533203,85.19763946533203,0.009734907,759705.25,1875.3189697265625,10799.4033203125,567.6802978515625,567.6802978515625,768933.9375,9.324356819746816e+16,7.563331580261827e+17
16,3447.859130859375,10816.1533203125,71.21255493164062,71.21255493164062,0.00971851,759740.75,1645.08740234375,10789.693359375,789.6746215820312,789.6746215820312,769651.5,5.184651732503757e+16,7.436704949259469e+17
17,3454.36669921875,10812.41796875,83.07366943359375,83.07366943359375,0.009702141,759846.625,1971.2708740234375,10757.5263671875,537.11962890625,537.11962890625,768196.5,1.1438029626199245e+17,7.400927528086405e+17
18,3466.565185546875,10810.83984375,66.32909393310547,66.32909393310547,0.0096857995,759751.875,1468.024658203125,10753.3896484375,1116.6817626953125,1116.6817626953125,772235.0625,3.422854859194368e+16,7.285963279480914e+17
19,3463.8544921875,10812.38671875,61.6007194519043,61.6007194519043,0.009669485,760020.25,1590.66943359375,10764.4931640625,953.4553833007812,953.4553833007812,768485.0,5.077165021960602e+16,7.262613088480788e+17
20,3520.663818359375,10812.8017578125,54.14635467529297,54.14635467529297,0.0096531985,759784.9375,1547.8968505859375,10748.3203125,1013.5271606445312,1013.5271606445312,767905.0,3.657877187618406e+16,7.267231724512215e+17
21,3386.677001953125,10814.1181640625,114.5894546508789,114.5894546508789,0.009636939,760149.75,1442.7899169921875,10812.857421875,1121.756103515625,1121.756103515625,772199.8125,2.472170505424077e+16,7.242705056070369e+17
22,3504.00537109375,10810.439453125,75.4510269165039,75.4510269165039,0.009620707,759348.125,1417.4410400390625,10771.6572265625,1131.2750244140625,1131.2750244140625,764062.5625,2.147763679867699e+16,8.030047465656812e+17
23,3484.55224609375,10812.7099609375,49.083099365234375,49.083099365234375,0.0096045025,759631.125,1984.207275390625,10810.1650390625,438.51611328125,438.51611328125,763546.625,1.0955625771460198e+17,7.751317832041759e+17
24,3465.5830078125,10818.275390625,38.812416076660156,38.812416076660156,0.009588324,759535.125,1853.27197265625,10792.0537109375,488.7805480957031,488.7805480957031,764221.8125,8.386157291660902e+16,7.472527038092411e+17
25,3499.90478515625,10822.19140625,32.88553237915039,32.88553237915039,0.009572175,759306.625,1692.0181884765625,10759.63671875,619.8695068359375,619.8695068359375,765273.75,5.48857091981312e+16,7.609563982625505e+17
26,3500.871826171875,10826.48046875,28.235313415527344,28.235313415527344,0.009556052,759397.25,1546.582275390625,10759.0283203125,731.7556762695312,731.7556762695312,765339.625,3.4571420126150656e+16,7.558146008547328e+17
27,3476.79345703125,10828.8095703125,26.843711853027344,26.843711853027344,0.009539956,759478.0625,1573.3895263671875,10755.361328125,719.4613647460938,719.4613647460938,765975.25,3.634329599921357e+16,7.410001934989394e+17
28,3501.556884765625,10831.7880859375,25.5945987701416,25.5945987701416,0.009523887,759414.625,1603.1859130859375,10754.0068359375,679.5665893554688,679.5665893554688,766709.25,4.036644340498432e+16,7.454211923152732e+17
29,3474.20751953125,10832.4521484375,24.48929214477539,24.48929214477539,0.009507846,759549.5,1746.50048828125,10756.0537109375,550.99169921875,550.99169921875,763815.75,6.302015391845581e+16,7.309932632966431e+17
30,3499.144775390625,10831.33984375,22.184955596923828,22.184955596923828,0.009491831,759459.5625,1721.4356689453125,10763.6162109375,602.3057250976562,602.3057250976562,762373.6875,5.709770325491712e+16,7.39416621877035e+17
31,3483.936279296875,10831.693359375,20.661788940429688,20.661788940429688,0.009475844,759485.5625,1943.3321533203125,10766.609375,435.8925476074219,435.8925476074219,765735.0,9.052937220469555e+16,7.24707011723264e+17
32,3492.181640625,10830.4580078125,24.42375373840332,24.42375373840332,0.009459883,759528.4375,1825.240478515625,10763.166015625,514.6469116210938,514.6469116210938,763174.125,7.55632923738112e+16,7.38154932284162e+17
33,3490.05517578125,10831.7451171875,23.888010025024414,23.888010025024414,0.00944395,759474.8125,1900.2611083984375,10775.3408203125,475.4990234375,475.4990234375,766821.75,8.048150237413376e+16,7.407276520542044e+17
34,3486.24365234375,10830.46484375,27.98647689819336,27.98647689819336,0.009428043,759602.6875,1929.508056640625,10760.9345703125,516.374267578125,516.374267578125,762883.875,8.264460252322202e+16,7.480852402698977e+17
35,3483.1796875,10828.7412109375,23.68440818786621,23.68440818786621,0.009412163,759441.3125,2120.315185546875,10792.1943359375,359.4169616699219,359.4169616699219,761439.8125,1.4590577712142746e+17,7.467482341305221e+17
36,3469.78369140625,10830.4697265625,20.87762451171875,20.87762451171875,0.009396309,759529.8125,3192.24169921875,10787.384765625,62.196807861328125,62.196807861328125,757557.3125,6.057120222098227e+17,7.432171525379195e+17
37,3504.09375,10830.2802734375,25.53886604309082,25.53886604309082,0.009380483,759403.6875,2313.381591796875,10786.505859375,269.01385498046875,269.01385498046875,760474.9375,1.926339046104105e+17,7.712382750912676e+17
38,3464.12548828125,10829.4609375,24.563417434692383,24.563417434692383,0.009364683,759514.375,2944.181640625,10805.640625,79.30897521972656,79.30897521972656,760437.75,4.32538872115626e+17,7.444439326366106e+17
39,3486.73876953125,10830.71875,17.647235870361328,17.647235870361328,0.009348909,759367.75,3137.446533203125,10796.154296875,46.720279693603516,46.720279693603516,760272.25,5.5120390506151936e+17,7.537296519305626e+17
40,3491.76611328125,10830.66796875,16.827938079833984,16.827938079833984,0.009333163,759413.1875,3028.5224609375,10799.302734375,53.796119689941406,53.796119689941406,760863.8125,4.842414822664438e+17,7.527606385891082e+17
41,3492.517578125,10830.9599609375,17.717016220092773,17.717016220092773,0.009317442,759461.875,3274.316162109375,10813.955078125,32.84388732910156,32.84388732910156,760879.125,6.085375609347768e+17,7.565114163488358e+17
42,3490.514892578125,10830.5302734375,16.919157028198242,16.919157028198242,0.009301748,759411.375,2868.441650390625,10802.8115234375,75.88233184814453,75.88233184814453,761591.25,4.164651803486454e+17,7.598489151754732e+17
43,3476.41064453125,10830.1806640625,18.593994140625,18.593994140625,0.009286081,759474.6875,3447.824462890625,10818.5419921875,76.59284973144531,76.59284973144531,757752.5625,7.125655858540708e+17,7.50343018678059e+17
44,3505.177001953125,10829.6875,22.465980529785156,22.465980529785156,0.00927044,759314.8125,3081.4462890625,10773.4404296875,158.1420440673828,158.1420440673828,757934.3125,5.127298972615967e+17,7.75217132794282e+17
45,3478.5654296875,10829.1201171875,19.65256118774414,19.65256118774414,0.009254825,759491.875,8504.052734375,11076.8447265625,10315.1787109375,10315.1787109375,688398.5,2.1941671937284506e+17,7.593310451987907e+17
46,3478.684326171875,10830.2236328125,23.953699111938477,23.953699111938477,0.009239237,759514.625,3979.400390625,10832.298828125,4262.2861328125,4262.2861328125,712558.5,4.123122218513203e+16,7.645064464307323e+17
47,3499.662353515625,10829.6142578125,17.606645584106445,17.606645584106445,0.009223675,759286.8125,2987.24462890625,10799.3740234375,2561.544189453125,2561.544189453125,723762.0,4.71893468470313e+16,7.717263895345234e+17
48,3488.755615234375,10830.890625,16.348833084106445,16.348833084106445,0.009208139,759361.1875,2821.950439453125,10796.3330078125,750.4513549804688,750.4513549804688,739115.125,2.5458574983849574e+17,7.612516858540851e+17
49,3501.605712890625,10830.6123046875,15.844301223754883,15.844301223754883,0.009192629,759234.9375,2918.486572265625,10789.2001953125,309.8446960449219,309.8446960449219,747887.9375,3.9491241598202675e+17,7.730414054413435e+17
50,3493.897216796875,10830.169921875,19.9400691986084,19.9400691986084,0.009177146,759499.375,8306.8017578125,10754.0078125,4262.31591796875,4262.31591796875,695638.25,2.251282356025426e+18,7.737655025677107e+17
51,3498.69677734375,10826.853515625,20.380401611328125,20.380401611328125,0.009161687,759319.0625,6685.39013671875,10734.423828125,3030.445556640625,3030.445556640625,699823.375,1.5847731132356362e+18,7.775946205309174e+17
52,3481.746337890625,10825.3515625,19.320724487304688,19.320724487304688,0.009146257,759309.5,5257.93408203125,10747.015625,1192.22998046875,1192.22998046875,726446.625,1.7683339681527235e+18,7.75177825253589e+17
53,3499.8544921875,10825.5458984375,18.929805755615234,18.929805755615234,0.009130851,759249.4375,4237.3544921875,10749.81640625,305.406494140625,305.406494140625,746253.9375,1.399047045045551e+18,7.865406594513633e+17
54,3487.7421875,10827.158203125,16.474571228027344,16.474571228027344,0.0091154715,759251.5,3986.958984375,10755.5068359375,196.70155334472656,196.70155334472656,751111.0625,1.220136437119189e+18,7.710355526348964e+17
55,3501.36767578125,10826.791015625,17.223552703857422,17.223552703857422,0.009100118,759271.0625,3677.390625,10773.5654296875,57.570343017578125,57.570343017578125,758232.9375,9.705966381983334e+17,7.861230511912387e+17
56,3466.0341796875,10825.1611328125,20.489097595214844,20.489097595214844,0.00908479,759388.875,4082.177490234375,10780.052734375,63.373714447021484,63.373714447021484,758417.9375,1.2452709980522414e+18,7.722394491478344e+17
57,3523.42138671875,10823.5400390625,27.5790958404541,27.5790958404541,0.009069488,759134.8125,3095.355712890625,10800.5458984375,50.21549606323242,50.21549606323242,759427.75,5.473534153410478e+17,8.296259159389635e+17
58,3467.3564453125,10822.9970703125,21.482370376586914,21.482370376586914,0.009054213,759293.0,3408.27734375,10770.671875,23.906221389770508,23.906221389770508,758569.5,7.652192048434381e+17,7.827937987018097e+17
59,3484.96435546875,10826.9482421875,15.644968032836914,15.644968032836914,0.0090389615,759097.875,3763.637939453125,10757.869140625,25.025375366210938,25.025375366210938,757759.75,9.927371602494751e+17,7.938058886903235e+17
60,3505.51611328125,10822.5263671875,19.202238082885742,19.202238082885742,0.009023737,759132.75,3221.683349609375,10767.9033203125,43.59136962890625,43.59136962890625,757866.375,6.503704049588634e+17,8.085607849792635e+17
61,3471.197265625,10820.943359375,17.78976058959961,17.78976058959961,0.009008538,759129.4375,3577.472412109375,10770.521484375,22.31544303894043,22.31544303894043,758640.625,8.790878588313272e+17,7.898372701893427e+17
62,3499.922119140625,10821.21875,16.394264221191406,16.394264221191406,0.008993364,759106.8125,3388.7451171875,10767.4541015625,24.58132553100586,24.58132553100586,757776.875,7.608210896128573e+17,8.099454824354939e+17
63,3486.4482421875,10822.5830078125,16.243858337402344,16.243858337402344,0.008978217,759062.1875,3560.322509765625,10775.7958984375,71.45929718017578,71.45929718017578,755522.875,8.777414381236388e+17,8.022231999567626e+17
64,3474.724853515625,10824.2626953125,15.220111846923828,15.220111846923828,0.008963094,759166.0625,4017.078369140625,10764.5498046875,46.55705261230469,46.55705261230469,756204.875,1.2231928045664993e+18,7.878636468174848e+17
65,3505.04296875,10822.705078125,17.19928550720215,17.19928550720215,0.008947997,759057.3125,3098.04541015625,10772.5205078125,156.69029235839844,156.69029235839844,752749.0625,5.309421391446016e+17,8.074893796174725e+17
66,3476.199462890625,10823.330078125,15.599949836730957,15.599949836730957,0.008932925,759117.875,3646.109619140625,10766.857421875,39.53096389770508,39.53096389770508,756614.6875,9.239579662881915e+17,8.001594166314271e+17
67,3487.522705078125,10822.4794921875,17.18439292907715,17.18439292907715,0.008917879,759092.0625,3683.539306640625,10760.943359375,69.7273178100586,69.7273178100586,755346.75,9.488116707198239e+17,8.061307955624018e+17
68,3491.104736328125,10822.119140625,16.064828872680664,16.064828872680664,0.008902858,759067.5625,3572.35107421875,10764.8525390625,68.67393493652344,68.67393493652344,755516.5625,8.727322693059215e+17,8.024673602576056e+17
69,3493.529296875,10824.029296875,16.00918197631836,16.00918197631836,0.008887863,759042.25,3499.500244140625,10768.8876953125,70.03255462646484,70.03255462646484,754533.75,8.225542694659686e+17,8.047304987849523e+17
70,3482.97509765625,10821.98046875,15.112279891967773,15.112279891967773,0.008872893,759118.125,3722.032470703125,10771.7919921875,51.71424865722656,51.71424865722656,755328.9375,1.00788671249331e+18,8.001761841837507e+17
71,3485.749755859375,10821.2314453125,17.016407012939453,17.016407012939453,0.008857948,758972.75,3770.7421875,10770.7158203125,31.813167572021484,31.813167572021484,756946.875,1.0766509256086651e+18,8.064126141364961e+17
72,3480.96142578125,10820.099609375,18.19375228881836,18.19375228881836,0.008843028,759151.875,5193.58740234375,10901.1318359375,5867.8427734375,5867.8427734375,697537.0,1.6773810090934272e+16,8.139782162082693e+17
73,3499.207763671875,10825.982421875,16.249662399291992,16.249662399291992,0.008828133,759060.25,3179.6044921875,10780.5048828125,3160.09912109375,3160.09912109375,716940.25,1.4268474062798848e+16,8.121688323858104e+17
74,3474.7373046875,10823.40625,18.510690689086914,18.510690689086914,0.008813264,759032.625,2775.556884765625,10811.283203125,1711.6510009765625,1711.6510009765625,729614.875,7.973387741691904e+16,8.102347914325524e+17
75,3488.601806640625,10822.8642578125,15.491250991821289,15.491250991821289,0.008798419,759016.75,2653.886962890625,10792.583984375,1312.84912109375,1312.84912109375,734439.875,1.5140300884279296e+17,8.107645498787103e+17
76,3475.593505859375,10822.841796875,16.51036834716797,16.51036834716797,0.008783599,759089.5,2943.38232421875,10799.033203125,479.9516906738281,479.9516906738281,744708.125,3.946569169675223e+17,8.11822761100968e+17
77,3499.282958984375,10821.9267578125,21.254594802856445,21.254594802856445,0.008768804,758961.1875,2704.08349609375,10781.33984375,307.3785705566406,307.3785705566406,752298.25,3.707341896469709e+17,8.307092097702298e+17
78,3460.156005859375,10821.7412109375,27.395694732666016,27.395694732666016,0.0087540345,759080.8125,3417.31494140625,10776.8134765625,418.20208740234375,418.20208740234375,746679.5,5.430799228815278e+17,8.242661403509391e+17
79,3444.66259765625,10827.9375,149.66873168945312,149.66873168945312,0.00873929,759838.0,171183.125,89537.3671875,102360.9765625,102360.9765625,878096.0625,1.0145564984614689e+21,9.075705013904343e+17
80,3374.56787109375,10795.482421875,158.27365112304688,158.27365112304688,0.00872457,758362.25,10563756.0,1116823.375,7462692.0,7462692.0,12560447.0,3.2353804959258174e+24,1.0868759714301215e+18
81,3405.7431640625,10798.7236328125,77.95575714111328,77.95575714111328,0.008709875,758158.1875,320688.40625,19003.84765625,295044.6875,295044.6875,863414.75,3.9836140143942985e+21,1.0578516819553812e+18
82,3470.8916015625,10793.5029296875,35.77420425415039,35.77420425415039,0.008695204,758053.125,86194.1796875,10895.0771484375,78866.8203125,78866.8203125,582158.9375,2.0103134591502936e+20,9.972526483463209e+17
83,3477.81591796875,10789.9326171875,26.98291015625,26.98291015625,0.008680559,758018.4375,44896.37109375,10776.287109375,39160.73046875,39160.73046875,587793.1875,4.7375545911379755e+19,1.0122613943823237e+18
84,3487.941162109375,10789.5517578125,31.244199752807617,31.244199752807617,0.008665937,758102.625,39372.55078125,10847.5537109375,35170.62890625,35170.62890625,586747.1875,2.6626066048316604e+19,1.0260447347091702e+18
85,3400.55615234375,10793.9453125,54.92525863647461,54.92525863647461,0.008651341,758199.875,10498.572265625,10548.8798828125,2688.1044921875,2688.1044921875,707317.5625,1.399364391589118e+19,1.0351928776106967e+18
86,3458.81103515625,10788.287109375,43.02207565307617,43.02207565307617,0.008636769,758149.5,2968.740234375,10730.9453125,328.8157653808594,328.8157653808594,749634.5625,5.0336559724599706e+17,1.0955801177924567e+18
87,3451.317626953125,10790.8232421875,30.42177963256836,30.42177963256836,0.008622222,758079.5625,1404.0242919921875,10915.8740234375,1133.44921875,1133.44921875,764458.8125,1.2025401622659072e+16,9.966747862664479e+17
88,3489.974853515625,10787.8369140625,25.932348251342773,25.932348251342773,0.008607699,758092.1875,1414.3035888671875,10831.638671875,1001.1196899414062,1001.1196899414062,767475.625,1.6359795644694528e+16,1.0122289587893043e+18
89,3480.3681640625,10785.525390625,19.580577850341797,19.580577850341797,0.008593201,757897.875,1508.1251220703125,10799.1689453125,890.022705078125,890.022705078125,769643.125,2.4068464150839296e+16,1.0114830775888118e+18
90,3486.4921875,10785.5703125,23.774797439575195,23.774797439575195,0.008578726,757952.625,2077.882568359375,10766.375,339.10498046875,339.10498046875,766716.5625,1.937133501509796e+17,1.0129235752601518e+18
91,3474.519775390625,10785.98828125,18.241228103637695,18.241228103637695,0.008564278,757965.875,1926.4351806640625,10757.5517578125,411.2311096191406,411.2311096191406,766842.5,1.4590502120718336e+17,9.898512858239468e+17
92,3491.58935546875,10786.45703125,17.03952980041504,17.03952980041504,0.008549851,757907.25,1987.83056640625,10749.40625,367.5460510253906,367.5460510253906,766373.75,1.7682428461265715e+17,9.9266273705617e+17
93,3478.693603515625,10787.341796875,16.256696701049805,16.256696701049805,0.008535451,757970.1875,2070.206787109375,10749.1982421875,315.99212646484375,315.99212646484375,765998.5625,2.0587004892387738e+17,9.861501922458993e+17
94,3491.70751953125,10788.6142578125,15.919418334960938,15.919418334960938,0.0085210735,757926.8125,2113.806640625,10746.796875,290.0135192871094,290.0135192871094,765202.1875,2.181802670078034e+17,9.905382057133998e+17
95,3479.228515625,10788.193359375,19.351341247558594,19.351341247558594,0.008506722,757960.9375,2233.715576171875,10740.68359375,234.54281616210938,234.54281616210938,764195.0625,2.6669688759831757e+17,9.929094399776522e+17
96,3484.682861328125,10788.7783203125,17.01333999633789,17.01333999633789,0.008492393,757928.25,2382.32763671875,10744.12109375,179.6837615966797,179.6837615966797,763733.9375,3.3723024928250266e+17,9.883534761090089e+17
97,3497.932861328125,10789.6630859375,16.924354553222656,16.924354553222656,0.008478089,757867.6875,2318.9892578125,10741.65234375,198.52877807617188,198.52877807617188,763204.375,3.10580286448468e+17,1.0057227361708933e+18
98,3477.730712890625,10789.83203125,15.514396667480469,15.514396667480469,0.008463809,757889.0625,2508.107421875,10739.2763671875,142.8390655517578,142.8390655517578,763402.875,3.93640006150783e+17,9.820728595327222e+17
99,3503.021728515625,10790.5458984375,16.19322395324707,16.19322395324707,0.0084495535,757865.625,2492.065185546875,10736.13671875,143.8087921142578,143.8087921142578,762588.375,3.884401407851233e+17,1.0017590654722376e+18
100,3487.482177734375,10791.1513671875,15.133721351623535,15.133721351623535,0.008435321,757896.5,2531.821044921875,10735.26171875,132.85743713378906,132.85743713378906,762399.1875,4.098585242149847e+17,9.869041823446467e+17
101,3492.311767578125,10791.3291015625,15.48224925994873,15.48224925994873,0.008421114,757841.625,2584.194091796875,10733.8115234375,120.97152709960938,120.97152709960938,762527.0,4.291601416029471e+17,9.930116945590354e+17
102,3491.87158203125,10791.3115234375,15.380838394165039,15.380838394165039,0.008406929,757859.875,2712.70654296875,10734.9423828125,89.7280044555664,89.7280044555664,761508.5625,4.9839418978074624e+17,9.934258668453233e+17
103,3495.962158203125,10792.04296875,15.257822036743164,15.257822036743164,0.008392769,757876.4375,2811.962646484375,10736.587890625,71.77013397216797,71.77013397216797,761184.0625,5.529548429690143e+17,9.88501291703468e+17
104,3490.45556640625,10791.8720703125,14.974390029907227,14.974390029907227,0.008378632,757870.8125,2757.00341796875,10734.3466796875,83.85357666015625,83.85357666015625,761779.3125,5.190833221234852e+17,9.851281961878815e+17
105,3496.521240234375,10792.2236328125,16.998313903808594,16.998313903808594,0.00836452,757872.5,2702.0986328125,10729.6171875,92.3984375,92.3984375,761195.875,4.886483935900467e+17,9.949457355122934e+17
106,3494.846435546875,10789.9345703125,15.240496635437012,15.240496635437012,0.008350431,757868.0,2803.03564453125,10731.064453125,72.83746337890625,72.83746337890625,760969.4375,5.499416657128325e+17,9.891785221467013e+17
107,3482.384765625,10791.3349609375,15.660726547241211,15.660726547241211,0.008336366,757869.375,2936.008056640625,10731.69921875,53.932743072509766,53.932743072509766,760951.875,6.320543966659871e+17,9.761972755523174e+17
108,3510.533203125,10791.6025390625,18.124454498291016,18.124454498291016,0.008322325,757790.6875,2616.63037109375,10732.1064453125,109.48907470703125,109.48907470703125,761241.375,4.5261746626730394e+17,1.0153818771014287e+18
109,3482.048583984375,10791.8388671875,20.434816360473633,20.434816360473633,0.008308307,757899.0625,3075.414306640625,10732.580078125,37.34916305541992,37.34916305541992,759682.75,7.439059278532444e+17,9.936149828453007e+17
110,3497.677490234375,10793.078125,17.71328353881836,17.71328353881836,0.008294313,757760.25,2837.076416015625,10735.74609375,68.04744720458984,68.04744720458984,760940.875,5.830431848215347e+17,1.0070635218814894e+18
111,3491.6953125,10791.927734375,15.614911079406738,15.614911079406738,0.008280342,757790.9375,3071.07470703125,10738.7607421875,39.979095458984375,39.979095458984375,760415.0625,7.071087783648952e+17,1.0091016041225257e+18
112,3493.7705078125,10791.521484375,14.99301815032959,14.99301815032959,0.008266396,757810.1875,3025.296875,10738.888671875,40.50168991088867,40.50168991088867,759802.75,6.920096662169846e+17,9.961712786604032e+17
113,3498.27880859375,10790.9814453125,17.139312744140625,17.139312744140625,0.008252472,757763.9375,3060.646484375,10734.880859375,41.138153076171875,41.138153076171875,759938.75,7.014390092173148e+17,1.0091249000251392e+18
114,3490.17529296875,10788.095703125,16.418859481811523,16.418859481811523,0.008238572,757786.0625,2712.932861328125,10727.9736328125,145.63316345214844,145.63316345214844,756933.8125,5.314311125813166e+17,1.0043157048847237e+18
115,3496.304443359375,10786.55078125,15.518614768981934,15.518614768981934,0.008224695,757733.5625,2779.9091796875,10729.9091796875,79.75879669189453,79.75879669189453,759300.625,5.687347246132101e+17,9.99566708005929e+17
116,3496.924072265625,10788.2412109375,14.204143524169922,14.204143524169922,0.008210842,757737.9375,2925.942626953125,10733.1630859375,54.351985931396484,54.351985931396484,760378.5625,6.330428576193577e+17,1.0056452206011351e+18
117,3501.791748046875,10789.1005859375,14.925394058227539,14.925394058227539,0.008197012,757718.375,3220.542724609375,10733.943359375,25.78293800354004,25.78293800354004,759243.125,8.293276046904525e+17,1.0080812573319496e+18
118,3490.376708984375,10789.111328125,14.731343269348145,14.731343269348145,0.0081832055,757781.8125,3492.66796875,10742.138671875,18.406288146972656,18.406288146972656,758195.625,1.027331713069482e+18,9.946451565210501e+17
119,3495.20849609375,10788.90625,14.063454627990723,14.063454627990723,0.008169422,757753.1875,3404.41552734375,10741.59765625,17.287212371826172,17.287212371826172,758326.8125,9.476753941719941e+17,1.0036085814691103e+18
120,3498.51025390625,10789.02734375,14.005937576293945,14.005937576293945,0.008155663,757733.6875,3484.25537109375,10744.4267578125,16.94405746459961,16.94405746459961,757576.8125,1.0360919345248338e+18,1.0072806754279752e+18
121,3495.183349609375,10788.7275390625,15.575282096862793,15.575282096862793,0.008141926,757740.5625,3354.686279296875,10752.5048828125,17.541284561157227,17.541284561157227,757578.5625,9.037890747440824e+17,1.0055758139296317e+18
122,3503.56689453125,10788.51953125,17.10898208618164,17.10898208618164,0.008128211,757713.9375,3509.10546875,10750.765625,16.956539154052734,16.956539154052734,756487.1875,1.0355848535059988e+18,1.0157414174037115e+18
123,3484.587890625,10789.6552734375,15.510857582092285,15.510857582092285,0.00811452,757801.375,3666.36474609375,10753.3974609375,19.940135955810547,19.940135955810547,756143.8125,1.1690399327531827e+18,9.98189432253186e+17
124,3512.04443359375,10791.0390625,17.273466110229492,17.273466110229492,0.008100852,757704.3125,3370.598388671875,10749.4765625,18.036361694335938,18.036361694335938,757358.375,9.30801395378946e+17,1.0205110988450038e+18
125,3488.993408203125,10790.9130859375,16.232505798339844,16.232505798339844,0.0080872085,757721.0625,3177.9990234375,10748.333984375,26.24353790283203,26.24353790283203,758230.875,7.72891871859966e+17,1.0119265243721892e+18
126,3505.175537109375,10790.9638671875,16.1566219329834,16.1566219329834,0.008073587,757706.75,3271.289794921875,10748.1552734375,21.926462173461914,21.926462173461914,757770.5625,8.510073626500792e+17,1.0150202752148439e+18
127,3489.305419921875,10790.6162109375,15.570115089416504,15.570115089416504,0.008059988,757731.5,3455.488037109375,10755.1943359375,15.929451942443848,15.929451942443848,757619.875,9.863338794072146e+17,1.0062406061475758e+18
128,3511.776123046875,10790.408203125,17.14998435974121,17.14998435974121,0.008046412,757693.75,3200.663330078125,10747.6162109375,24.785078048706055,24.785078048706055,757885.75,8.108536790400369e+17,1.0276263134662492e+18
129,3488.5546875,10790.5498046875,14.532737731933594,14.532737731933594,0.008032858,757702.0,3209.25830078125,10749.9091796875,24.72039222717285,24.72039222717285,758059.6875,8.068977736422523e+17,1.007147428362584e+18
130,3512.439697265625,10790.7802734375,15.962672233581543,15.962672233581543,0.008019329,757656.75,3108.475341796875,10742.2080078125,32.21180725097656,32.21180725097656,758807.75,7.352437003717181e+17,1.024306475545133e+18
131,3500.060302734375,10788.16796875,14.065978050231934,14.065978050231934,0.008005821,757695.6875,3257.108154296875,10751.142578125,21.568449020385742,21.568449020385742,758451.1875,8.275593838345585e+17,1.0097358161733222e+18
132,3493.8984375,10786.4736328125,14.509286880493164,14.509286880493164,0.0079923365,757697.8125,3351.311279296875,10749.9677734375,17.820714950561523,17.820714950561523,757903.0625,9.263192362283172e+17,1.0089223150077215e+18
133,3508.213134765625,10786.4404296875,15.718965530395508,15.718965530395508,0.007978875,757681.6875,3271.376220703125,10744.8837890625,21.94784164428711,21.94784164428711,757326.1875,8.44740421249663e+17,1.0270191768892867e+18
134,3495.311279296875,10789.25,14.981026649475098,14.981026649475098,0.007965436,757669.75,3508.274169921875,10750.310546875,15.279287338256836,15.279287338256836,756943.25,1.018696217464406e+18,1.009701525154431e+18
135,3505.956298828125,10788.6484375,13.828699111938477,13.828699111938477,0.00795202,757631.75,3400.452880859375,10752.5703125,15.92151165008545,15.92151165008545,757448.25,9.728428717344031e+17,1.0173069158032343e+18
136,3501.107177734375,10786.37109375,13.448935508728027,13.448935508728027,0.007938625,757644.25,3189.828125,10743.6279296875,25.287677764892578,25.287677764892578,758527.75,8.112150747681915e+17,1.0169018832073523e+18
137,3502.374755859375,10786.6533203125,15.550554275512695,15.550554275512695,0.007925254,757650.9375,3312.14501953125,10754.3642578125,18.353431701660156,18.353431701660156,757547.4375,8.930074011610644e+17,1.0194624396300124e+18
138,3498.802734375,10789.0185546875,14.140907287597656,14.140907287597656,0.007911905,757632.25,3321.18701171875,10750.5185546875,17.960865020751953,17.960865020751953,757787.375,8.95132344820695e+17,1.0132779616016794e+18
139,3500.06640625,10786.791015625,13.876250267028809,13.876250267028809,0.007898578,757646.0625,3509.638427734375,10752.7177734375,15.449980735778809,15.449980735778809,757243.6875,1.0491151000000266e+18,1.020510274211283e+18
140,3498.97412109375,10787.681640625,13.787421226501465,13.787421226501465,0.0078852745,757637.9375,3348.538818359375,10753.8642578125,17.351648330688477,17.351648330688477,757689.0,9.027238541351977e+17,1.0162869126100419e+18
141,3501.0693359375,10787.291015625,13.900775909423828,13.900775909423828,0.007871993,757643.0625,3550.1025390625,10756.1162109375,15.295714378356934,15.295714378356934,756888.6875,1.0991999162295255e+18,1.0135902916234445e+18
142,3504.663818359375,10788.6376953125,14.700642585754395,14.700642585754395,0.007858734,757623.75,3333.4599609375,10755.3564453125,17.688751220703125,17.688751220703125,757451.0,9.157305956554506e+17,1.0238167805539123e+18
143,3501.594970703125,10790.408203125,14.584970474243164,14.584970474243164,0.007845497,757639.75,3406.923828125,10755.5927734375,15.832718849182129,15.832718849182129,757224.4375,9.459686772477788e+17,1.0156407433702932e+18
144,3500.1943359375,10791.427734375,14.965723991394043,14.965723991394043,0.007832282,757636.4375,3365.925537109375,10760.73828125,17.62855339050293,17.62855339050293,757231.6875,9.059162861464453e+17,1.0181819209005138e+18
145,3505.649658203125,10791.2978515625,14.071721076965332,14.071721076965332,0.00781909,757611.875,3379.40625,10753.1787109375,16.545316696166992,16.545316696166992,757243.625,9.048454305404682e+17,1.0266092652105564e+18
146,3496.44970703125,10789.64453125,14.21221923828125,14.21221923828125,0.00780592,757672.0,3650.66650390625,10754.3916015625,17.298437118530273,17.298437118530273,756339.75,1.1570158110307779e+18,1.0055008409805128e+18
147,3489.713134765625,10792.3330078125,16.437671661376953,16.437671661376953,0.007792772,757662.8125,3932.900390625,10759.005859375,32.33494567871094,32.33494567871094,756087.0,1.386284738704048e+18,1.0096452439029842e+18
148,3502.880615234375,10790.7431640625,15.32622241973877,15.32622241973877,0.007779646,757634.5625,3849.0244140625,10756.6875,26.769121170043945,26.769121170043945,756250.25,1.3179476171366072e+18,1.0206767127839375e+18
149,3508.15478515625,10791.8818359375,14.447700500488281,14.447700500488281,0.007766543,757606.375,3405.301025390625,10756.681640625,15.954593658447266,15.954593658447266,757120.5625,9.713996252839936e+17,1.0262145405361848e+18
150,3496.71875,10792.580078125,13.783185005187988,13.783185005187988,0.0077534607,757613.625,3362.310546875,10755.5146484375,16.96981430053711,16.96981430053711,758044.25,9.489111765221376e+17,1.0125118768750264e+18
151,3508.20703125,10791.767578125,14.092371940612793,14.092371940612793,0.0077404017,757604.6875,3445.763671875,10763.083984375,15.571521759033203,15.571521759033203,757075.75,9.829678619977318e+17,1.0238363656047821e+18
152,3508.868408203125,10793.0751953125,13.937986373901367,13.937986373901367,0.007727364,757609.4375,3452.825439453125,10761.1494140625,15.181492805480957,15.181492805480957,757217.1875,1.0020440451422618e+18,1.0213843859553649e+18
153,3497.14404296875,10793.6552734375,14.856746673583984,14.856746673583984,0.007714349,757662.875,3693.9638671875,10763.2333984375,19.138586044311523,19.138586044311523,755862.25,1.2025087918247772e+18,1.0186785565588849e+18
154,3496.963134765625,10794.75,14.045389175415039,14.045389175415039,0.007701355,757642.6875,3672.222900390625,10763.0693359375,17.96846580505371,17.96846580505371,756296.3125,1.1705734765960233e+18,1.016434728204501e+18
155,3493.21728515625,10795.7470703125,15.928033828735352,15.928033828735352,0.007688383,757619.625,3841.018310546875,10761.4599609375,26.695100784301758,26.695100784301758,756539.25,1.331898220669829e+18,1.0130997719985029e+18
156,3510.96484375,10794.828125,14.659987449645996,14.659987449645996,0.007675433,757630.4375,3425.466552734375,10771.37109375,16.542404174804688,16.542404174804688,756065.9375,9.840866150789939e+17,1.0292687776797164e+18
157,3493.9248046875,10795.6640625,13.67711353302002,13.67711353302002,0.0076625054,757635.9375,3811.18017578125,10779.470703125,25.69965171813965,25.69965171813965,756209.8125,1.3023852669960192e+18,1.0132597509403443e+18
158,3503.449462890625,10797.0625,13.191011428833008,13.191011428833008,0.0076495986,757625.6875,3823.061767578125,10773.0751953125,26.005971908569336,26.005971908569336,755906.5,1.3077768597017723e+18,1.0263578893646561e+18
159,3502.99072265625,10797.9990234375,13.142313003540039,13.142313003540039,0.0076367143,757613.375,4033.995361328125,10767.66015625,42.05466842651367,42.05466842651367,755329.6875,1.4961069837432914e+18,1.0104707709770138e+18
160,3498.332275390625,10797.544921875,13.686407089233398,13.686407089233398,0.0076238513,757617.75,3874.197265625,10767.8603515625,28.65656852722168,28.65656852722168,756073.625,1.3432530146888253e+18,1.0187590957856195e+18
161,3500.313720703125,10798.21875,15.184755325317383,15.184755325317383,0.0076110098,757647.125,3806.3642578125,10761.4267578125,24.582944869995117,24.582944869995117,755980.6875,1.2604498935126426e+18,1.0205180395121541e+18
162,3502.83984375,10795.5166015625,13.336746215820312,13.336746215820312,0.0075981906,757645.8125,3879.7685546875,10764.4873046875,28.211509704589844,28.211509704589844,755782.0,1.3533975212835471e+18,1.0230904156848128e+18
163,3497.647705078125,10794.2099609375,14.927675247192383,14.927675247192383,0.0075853923,757594.625,4042.410400390625,10763.2587890625,41.627601623535156,41.627601623535156,755518.5,1.483852376895914e+18,1.0146958505651732e+18
164,3509.3505859375,10796.21484375,13.530715942382812,13.530715942382812,0.007572616,757606.875,3584.790283203125,10755.376953125,15.453323364257812,15.453323364257812,756651.375,1.1082214091354276e+18,1.0251401115174175e+18
165,3500.0322265625,10795.9677734375,13.718327522277832,13.718327522277832,0.0075598606,757628.375,3542.549560546875,10752.9345703125,15.301529884338379,15.301529884338379,757142.5,1.0469661045235384e+18,1.024623547210793e+18
166,3502.249267578125,10796.9228515625,14.000563621520996,14.000563621520996,0.0075471275,757627.4375,3544.36083984375,10757.771484375,14.74880599975586,14.74880599975586,756866.625,1.0580255422315233e+18,1.0139721657556664e+18
167,3496.461669921875,10797.69921875,13.696677207946777,13.696677207946777,0.0075344155,757600.6875,3515.833984375,10759.2568359375,14.572269439697266,14.572269439697266,757386.375,1.0553582644614922e+18,1.0158434658266644e+18
168,3507.316162109375,10796.1591796875,13.213969230651855,13.213969230651855,0.0075217253,757600.375,3323.139892578125,10756.2509765625,17.801599502563477,17.801599502563477,757732.125,8.79164962084225e+17,1.0287792201274491e+18
169,3493.468505859375,10798.779296875,13.48751163482666,13.48751163482666,0.007509056,757673.9375,3581.783935546875,10766.283203125,15.9024076461792,15.9024076461792,756222.1875,1.1204988308490813e+18,1.0052231455750226e+18
170,3500.214111328125,10801.853515625,13.930471420288086,13.930471420288086,0.007496408,757596.75,3592.092529296875,10757.556640625,15.303136825561523,15.303136825561523,756831.375,1.1344558940131164e+18,1.0226361112241111e+18
171,3500.769775390625,10807.478515625,16.17447280883789,16.17447280883789,0.0074837813,757656.6875,3701.545166015625,10789.736328125,31.54779624938965,31.54779624938965,755054.125,1.1437737053027041e+18,1.0217993828753736e+18
172,3514.794189453125,10813.7900390625,15.001202583312988,15.001202583312988,0.0074711763,757550.0625,3047.793701171875,10777.001953125,39.1910285949707,39.1910285949707,759876.625,6.76368838433964e+17,1.0302953779426755e+18
173,3501.98974609375,10811.1552734375,13.604375839233398,13.604375839233398,0.007458592,757642.4375,2936.08203125,10762.8837890625,53.47749710083008,53.47749710083008,758674.625,6.601275398632243e+17,1.0258498462731469e+18
174,3500.39404296875,10805.2626953125,12.896504402160645,12.896504402160645,0.007446029,757605.875,3176.8037109375,10756.220703125,26.538623809814453,26.538623809814453,758537.0,8.298655407543419e+17,1.0217619994800292e+18
175,3500.726806640625,10804.984375,13.284680366516113,13.284680366516113,0.0074334876,757614.125,3576.09033203125,10763.4365234375,16.106409072875977,16.106409072875977,756755.5,1.0985169133502464e+18,1.0209881494525051e+18
176,3500.903564453125,10804.134765625,14.149786949157715,14.149786949157715,0.007420967,757597.6875,3941.827392578125,10768.056640625,34.775970458984375,34.775970458984375,755487.5625,1.476192766579966e+18,1.0168795493774131e+18
177,3506.568603515625,10806.6748046875,14.205314636230469,14.205314636230469,0.0074084676,757594.5,3810.806884765625,10760.4951171875,24.233123779296875,24.233123779296875,756457.0625,1.3417322526686577e+18,1.0276928339197297e+18
178,3499.83251953125,10809.376953125,18.155689239501953,18.155689239501953,0.0073959893,757603.8125,4251.6572265625,10767.82421875,66.87385559082031,66.87385559082031,755075.875,1.7365972522117366e+18,1.0244059813474468e+18
179,3507.1396484375,10808.8955078125,17.839902877807617,17.839902877807617,0.007383532,757574.75,3245.5830078125,10765.9365234375,37.29717254638672,37.29717254638672,756953.125,8.59675706165035e+17,1.0396586128063857e+18
180,3508.234375,10809.6376953125,14.172591209411621,14.172591209411621,0.0073710955,757536.5625,3370.50830078125,10778.5244140625,16.88351821899414,16.88351821899414,757346.9375,9.753218581381775e+17,1.0328098923159224e+18
181,3509.893798828125,10805.0654296875,15.018298149108887,15.018298149108887,0.0073586795,757524.5,3597.544677734375,10770.56640625,16.412031173706055,16.412031173706055,756320.25,1.12649391799953e+18,1.0473609666368635e+18
182,3502.494873046875,10805.94140625,15.75910472869873,15.75910472869873,0.007346285,757558.75,3443.0078125,10776.74609375,15.23887825012207,15.23887825012207,756927.5,1.0073012225515192e+18,1.0280604831202673e+18
183,3506.2470703125,10807.0517578125,13.849386215209961,13.849386215209961,0.0073339115,757547.375,3635.963134765625,10786.6181640625,16.871234893798828,16.871234893798828,756095.375,1.1369807850273505e+18,1.0421158151360348e+18
184,3504.752685546875,10809.46484375,13.332024574279785,13.332024574279785,0.0073215584,757568.0625,3596.64990234375,10771.095703125,15.138731956481934,15.138731956481934,756378.9375,1.1218780307471729e+18,1.025249306765951e+18
185,3506.884033203125,10809.267578125,13.107943534851074,13.107943534851074,0.0073092263,757550.0625,3722.16650390625,10776.19140625,19.562355041503906,19.562355041503906,756367.0625,1.2587284706204058e+18,1.0345647815933297e+18
186,3507.4833984375,10810.4208984375,13.21960163116455,13.21960163116455,0.0072969147,757550.3125,3462.460205078125,10768.416015625,14.796255111694336,14.796255111694336,757266.75,1.022480736487211e+18,1.0311255092216463e+18
187,3495.707275390625,10805.3056640625,13.065808296203613,13.065808296203613,0.0072846245,757618.25,4002.42041015625,10768.4140625,38.036590576171875,38.036590576171875,755130.9375,1.4869084694653174e+18,1.0287920706695987e+18
188,3511.337890625,10810.0341796875,13.741903305053711,13.741903305053711,0.007272355,757562.75,3754.264404296875,10769.5673828125,20.734722137451172,20.734722137451172,755844.875,1.2602551425155727e+18,1.0354484453446779e+18
189,3500.78955078125,10811.3505859375,15.89985179901123,15.89985179901123,0.0072601056,757599.1875,3815.101318359375,10783.1689453125,24.37643051147461,24.37643051147461,755856.125,1.2800320581643796e+18,1.024815893026177e+18
190,3509.97900390625,10813.830078125,13.160933494567871,13.160933494567871,0.007247877,757572.875,3776.821533203125,10785.1279296875,22.70446014404297,22.70446014404297,755772.5625,1.308834040131879e+18,1.0268113004721603e+18
191,3510.09912109375,10813.1513671875,12.659016609191895,12.659016609191895,0.0072356695,757510.3125,3567.081787109375,10779.2861328125,15.11506462097168,15.11506462097168,756882.375,1.133882567418708e+18,1.0369744300450775e+18
192,3494.838623046875,10811.888671875,13.237814903259277,13.237814903259277,0.007223482,757629.9375,3746.837890625,10778.380859375,20.457853317260742,20.457853317260742,756051.0625,1.2719028189444178e+18,1.023983700162904e+18
193,3510.3564453125,10813.8359375,14.68990421295166,14.68990421295166,0.007211315,757572.0,3602.995849609375,10776.94140625,15.410730361938477,15.410730361938477,756774.875,1.0967468370684805e+18,1.0344209517285212e+18
194,3509.866455078125,10814.791015625,12.99754524230957,12.99754524230957,0.0071991687,757568.75,3312.747314453125,10784.2421875,23.566213607788086,23.566213607788086,756552.75,8.991330553173115e+17,1.0337620693855764e+18
195,3497.67236328125,10810.0791015625,12.924368858337402,12.924368858337402,0.007187043,757587.25,3404.708740234375,10763.6494140625,15.883086204528809,15.883086204528809,758043.9375,9.57825329605378e+17,1.0248836504302387e+18
196,3515.6474609375,10815.4970703125,13.624475479125977,13.624475479125977,0.007174937,757555.5625,3388.711669921875,10777.8994140625,15.346038818359375,15.346038818359375,757402.9375,9.628843887632056e+17,1.0317054328858214e+18
197,3504.310302734375,10820.8515625,14.886362075805664,14.886362075805664,0.007162852,757598.6875,3547.547119140625,10778.048828125,16.23218536376953,16.23218536376953,756589.25,1.0386085104823828e+18,1.0353452286906204e+18
198,3506.107421875,10818.2880859375,12.759188652038574,12.759188652038574,0.007150787,757559.75,3422.720458984375,10766.92578125,15.485280990600586,15.485280990600586,757471.375,9.229992608682476e+17,1.0293501415401718e+18
199,3505.61865234375,10814.923828125,12.885407447814941,12.885407447814941,0.0071387426,757601.375,3693.45751953125,10769.166015625,17.718650817871094,17.718650817871094,756440.5,1.1855297209517998e+18,1.0274372661857485e+18
200,3511.988037109375,10814.6865234375,13.804333686828613,13.804333686828613,0.0071267188,757561.0625,3165.77001953125,10762.6064453125,27.662803649902344,27.662803649902344,757865.5625,7.804534194826117e+17,1.038606380178604e+18
201,3503.1748046875,10814.80078125,12.39196491241455,12.39196491241455,0.007114715,757572.4375,3307.9365234375,10766.59765625,17.842388153076172,17.842388153076172,757922.375,8.639784387619062e+17,1.0236027193838797e+18
202,3508.399658203125,10812.21875,12.575983047485352,12.575983047485352,0.007102731,757595.3125,3309.271240234375,10772.4521484375,17.680753707885742,17.680753707885742,757896.0625,9.042562297469338e+17,1.0312531900094218e+18
203,3506.960693359375,10813.0966796875,13.213885307312012,13.213885307312012,0.0070907674,757582.3125,3290.24853515625,10771.8603515625,18.835599899291992,18.835599899291992,757171.1875,8.873344709175542e+17,1.0302895367871529e+18
204,3497.121826171875,10817.775390625,14.266105651855469,14.266105651855469,0.0070788246,757624.25,3465.425048828125,10773.572265625,14.112458229064941,14.112458229064941,757093.0625,9.779162245433917e+17,1.0247512279985684e+18
205,3503.5341796875,10817.337890625,12.92009162902832,12.92009162902832,0.0070669013,757583.5,3608.023193359375,10777.9794921875,16.445737838745117,16.445737838745117,757117.625,1.0681908708276961e+18,1.029834751290114e+18
206,3513.917236328125,10818.5498046875,12.899904251098633,12.899904251098633,0.007054998,757576.0625,3439.549560546875,10776.669921875,17.558835983276367,17.558835983276367,756736.625,9.388988862006559e+17,1.0330675903536824e+18
207,3507.91943359375,10816.7470703125,13.01219654083252,13.01219654083252,0.007043115,757608.9375,3359.700439453125,10770.0908203125,15.534104347229004,15.534104347229004,757161.0,9.203316395008328e+17,1.0292478869587886e+18
208,3512.055419921875,10818.00390625,12.481484413146973,12.481484413146973,0.0070312517,757557.5625,3234.627197265625,10768.271484375,21.412593841552734,21.412593841552734,757929.625,8.146762686529536e+17,1.0372055336453407e+18
209,3497.10302734375,10815.7001953125,15.646876335144043,15.646876335144043,0.007019409,757615.4375,3451.692138671875,10781.58203125,14.549354553222656,14.549354553222656,757299.1875,1.0113326506542367e+18,1.0226741130947461e+18
210,3497.888916015625,10820.8115234375,19.709877014160156,19.709877014160156,0.007007586,757602.9375,3626.810302734375,10780.8603515625,18.338098526000977,18.338098526000977,757280.625,1.1042257838800896e+18,1.0382208639141151e+18
211,3514.74560546875,10821.1435546875,14.037311553955078,14.037311553955078,0.0069957823,757587.5,3340.287109375,10780.1416015625,17.21208381652832,17.21208381652832,758003.5,9.217712438189752e+17,1.037153375562498e+18
212,3513.351318359375,10818.0791015625,14.380857467651367,14.380857467651367,0.0069839987,757542.75,3483.09228515625,10797.5703125,20.852336883544922,20.852336883544922,755922.6875,9.958840312476467e+17,1.0506942048559432e+18
213,3496.524169921875,10812.279296875,14.552840232849121,14.552840232849121,0.006972236,757617.5625,3740.11083984375,10780.7080078125,21.31848907470703,21.31848907470703,755299.25,1.248107050857136e+18,1.0343311353724273e+18
214,3506.83447265625,10814.59375,12.775275230407715,12.775275230407715,0.006960492,757536.3125,3897.788818359375,10785.623046875,33.01982879638672,33.01982879638672,755251.9375,1.3575450165824717e+18,1.0330623676734505e+18
215,3508.394287109375,10817.0712890625,13.428163528442383,13.428163528442383,0.0069487677,757549.5,3625.113525390625,10780.2001953125,15.763321876525879,15.763321876525879,756340.3125,1.1397437203089981e+18,1.043152036125737e+18
216,3500.404296875,10814.5546875,14.451066970825195,14.451066970825195,0.0069370638,757583.6875,3768.956298828125,10771.8603515625,20.61040496826172,20.61040496826172,756457.9375,1.2826616776611594e+18,1.0349868566194422e+18
217,3513.44140625,10819.837890625,13.678108215332031,13.678108215332031,0.0069253794,757549.0,3550.065185546875,10777.591796875,14.124043464660645,14.124043464660645,757385.4375,1.1011761509414994e+18,1.0362218143358648e+18
218,3503.104248046875,10824.1005859375,15.391196250915527,15.391196250915527,0.006913715,757592.25,4021.873291015625,10899.5947265625,55.29650115966797,55.29650115966797,755594.3125,1.3842680969397535e+18,1.0383959611408384e+18
219,3510.112548828125,10827.76171875,15.820608139038086,15.820608139038086,0.00690207,757526.8125,3666.01171875,10852.7900390625,26.669099807739258,26.669099807739258,757138.625,1.0672649445981553e+18,1.0540455850168812e+18
220,3506.677978515625,10831.5224609375,13.777780532836914,13.777780532836914,0.006890444,757571.8125,3535.153564453125,10826.341796875,17.543466567993164,17.543466567993164,756799.1875,1.0248108077848986e+18,1.0404947226798326e+18
221,3511.415771484375,10831.6787109375,13.256542205810547,13.256542205810547,0.0068788384,757535.1875,3559.00830078125,10810.4150390625,17.070798873901367,17.070798873901367,757393.75,1.084429008302506e+18,1.0428450662231572e+18
222,3510.33740234375,10832.265625,15.189356803894043,15.189356803894043,0.006867252,757597.375,3731.2568359375,10798.6962890625,21.462779998779297,21.462779998779297,756372.4375,1.1487299601233347e+18,1.0395581449313976e+18
223,3517.3359375,10830.9150390625,14.576895713806152,14.576895713806152,0.006855685,757552.4375,3257.66943359375,10784.7431640625,21.639266967773438,21.639266967773438,757922.5625,8.606814157070664e+17,1.0368237969520722e+18
224,3507.04638671875,10824.849609375,13.428571701049805,13.428571701049805,0.006844138,757537.75,3285.072998046875,10776.375,20.13992691040039,20.13992691040039,758072.1875,8.743310966516613e+17,1.0458872087387832e+18
225,3512.878173828125,10819.78515625,14.468318939208984,14.468318939208984,0.0068326094,757533.75,3617.66015625,10777.333984375,17.31205177307129,17.31205177307129,757175.0,1.102418667800363e+18,1.0392562602700964e+18
226,3521.148681640625,10818.65625,12.966784477233887,12.966784477233887,0.006821101,757530.25,3085.234130859375,10767.1923828125,35.680416107177734,35.680416107177734,758739.0,7.524651448391434e+17,1.044415512425005e+18
227,3504.368896484375,10818.5771484375,12.466543197631836,12.466543197631836,0.0068096123,757567.9375,3191.73291015625,10763.5107421875,27.014429092407227,27.014429092407227,758545.375,7.9919425158067e+17,1.0400031035432632e+18
228,3508.325439453125,10820.921875,13.635156631469727,13.635156631469727,0.0067981426,757574.0625,3334.792236328125,10763.34765625,19.253263473510742,19.253263473510742,758514.3125,9.047433821175153e+17,1.0384171267396731e+18
229,3514.426513671875,10822.591796875,14.759876251220703,14.759876251220703,0.006786692,757546.9375,3347.212646484375,10777.1845703125,18.812788009643555,18.812788009643555,757841.5,8.963985698990326e+17,1.0417915279253176e+18
230,3511.69921875,10822.8564453125,13.625691413879395,13.625691413879395,0.006775261,757550.6875,3379.666748046875,10773.26171875,15.373056411743164,15.373056411743164,757518.8125,9.381888078475428e+17,1.0429660812216893e+18
231,3507.925537109375,10826.763671875,12.574187278747559,12.574187278747559,0.0067638485,757556.1875,3378.27685546875,10766.296875,16.314666748046875,16.314666748046875,758431.5,9.559181579675238e+17,1.0371233451511644e+18
232,3518.47509765625,10823.75390625,12.611533164978027,12.611533164978027,0.006752456,757540.875,3251.54638671875,10770.3251953125,21.17469024658203,21.17469024658203,758480.3125,8.268233982387159e+17,1.0481519965335716e+18
233,3504.201904296875,10822.76953125,13.758092880249023,13.758092880249023,0.0067410823,757594.9375,3282.292724609375,10770.5791015625,21.800016403198242,21.800016403198242,758599.1875,8.636576562445025e+17,1.0321175435878072e+18
234,3521.612548828125,10824.9365234375,12.837964057922363,12.837964057922363,0.0067297285,757539.375,3307.523193359375,10771.4248046875,19.522058486938477,19.522058486938477,758457.8125,9.003818943680348e+17,1.0427180039106724e+18
235,3514.465087890625,10823.01953125,13.920137405395508,13.920137405395508,0.0067183934,757591.1875,3366.142333984375,10772.587890625,18.20318603515625,18.20318603515625,757495.875,9.145405117573366e+17,1.0466925322866524e+18
236,3502.97119140625,10821.95703125,13.198822021484375,13.198822021484375,0.006707077,757547.875,3248.788330078125,10766.3427734375,22.7435359954834,22.7435359954834,757378.1875,8.300038730610115e+17,1.036258991572779e+18
237,3506.835205078125,10821.3212890625,12.17365550994873,12.17365550994873,0.00669578,757544.0,3597.673095703125,10772.5771484375,15.194642066955566,15.194642066955566,757106.875,1.1249590684866314e+18,1.0370920090697728e+18
238,3517.4345703125,10824.4599609375,14.249773025512695,14.249773025512695,0.0066845017,757523.1875,3418.129638671875,10766.2890625,16.035076141357422,16.035076141357422,757239.9375,9.475741016632852e+17,1.047937660485632e+18
239,3512.668212890625,10824.1015625,15.290031433105469,15.290031433105469,0.006673243,757558.5,3448.8740234375,10773.7060546875,15.977364540100098,15.977364540100098,757287.875,9.559172646143263e+17,1.0419922575168635e+18
240,3517.79931640625,10823.1220703125,14.325577735900879,14.325577735900879,0.0066620028,757565.8125,3005.179931640625,10779.1884765625,41.94772720336914,41.94772720336914,758365.5,6.74349173012693e+17,1.0547915349368504e+18
241,3517.5244140625,10832.8154296875,21.5976619720459,21.5976619720459,0.0066507813,757542.0,2264.3369140625,10779.041015625,247.3666534423828,247.3666534423828,762087.0,2.7432916474239386e+17,1.0617554292703232e+18
242,3476.4580078125,10824.2626953125,22.287336349487305,22.287336349487305,0.0066395793,757636.1875,4570.93115234375,10826.24609375,111.41069030761719,111.41069030761719,752507.5,2.023503541485699e+18,1.0366484248474419e+18
243,3510.654541015625,10827.7080078125,14.320157051086426,14.320157051086426,0.0066283965,757487.6875,4467.8876953125,10824.4736328125,130.27740478515625,130.27740478515625,748336.8125,2.0463401231166996e+18,1.0520766345694413e+18
244,3516.8291015625,10827.0322265625,13.42747974395752,13.42747974395752,0.0066172318,757475.6875,4316.2705078125,10822.1064453125,121.84477996826172,121.84477996826172,747923.25,1.7884591541096284e+18,1.0635992415506268e+18
245,3516.40625,10827.9931640625,15.04523754119873,15.04523754119873,0.0066060857,757492.0,3967.02099609375,10826.48046875,52.01628494262695,52.01628494262695,751969.0625,1.4824884327216579e+18,1.0521929079240786e+18
246,3516.812744140625,10829.1982421875,13.384775161743164,13.384775161743164,0.0065949587,757479.3125,4026.9580078125,10802.8701171875,41.3790168762207,41.3790168762207,754485.375,1.5030807736814141e+18,1.0571211939176776e+18
247,3510.3369140625,10830.306640625,12.069799423217773,12.069799423217773,0.006583851,757466.8125,3848.99560546875,10790.8486328125,25.737268447875977,25.737268447875977,755608.3125,1.3226839009122058e+18,1.0482474478867579e+18
248,3517.541748046875,10828.275390625,12.298795700073242,12.298795700073242,0.0065727616,757474.4375,3400.15380859375,10777.736328125,16.159963607788086,16.159963607788086,757818.5625,9.388826684041462e+17,1.0492910905799475e+18
249,3515.28466796875,10830.494140625,13.034576416015625,13.034576416015625,0.0065616905,757481.0,3374.880615234375,10791.041015625,21.029254913330078,21.029254913330078,756865.25,9.015886770989957e+17,1.0538414194514985e+18
250,3513.2919921875,10830.728515625,12.63824462890625,12.63824462890625,0.006550638,757529.875,3846.734375,10814.0927734375,28.178421020507812,28.178421020507812,755240.5,1.3164745464332943e+18,1.0430987785312666e+18
251,3517.6669921875,10840.3427734375,12.63478946685791,12.63478946685791,0.0065396046,757473.4375,3437.60791015625,10797.8466796875,14.897598266601562,14.897598266601562,757462.25,9.379677372908831e+17,1.0475390188010865e+18
252,3517.4609375,10835.689453125,12.940250396728516,12.940250396728516,0.0065285894,757524.125,3595.476318359375,10779.734375,15.464897155761719,15.464897155761719,756407.6875,1.0945313211385119e+18,1.0471027188432896e+18
253,3522.820556640625,10834.3544921875,12.570570945739746,12.570570945739746,0.0065175933,757461.5,3765.16845703125,10789.08203125,24.398391723632812,24.398391723632812,755005.25,1.2586890256407593e+18,1.0541701734282035e+18
254,3509.676513671875,10832.8896484375,13.089507102966309,13.089507102966309,0.006506616,757534.9375,3880.612548828125,10776.2763671875,27.494972229003906,27.494972229003906,755411.4375,1.3615766508436193e+18,1.0478654363155825e+18
255,3515.3798828125,10833.3525390625,13.157241821289062,13.157241821289062,0.0064956555,757474.5625,3801.19775390625,10768.638671875,24.185123443603516,24.185123443603516,755386.4375,1.2634956781605356e+18,1.0486531676774072e+18
256,3525.751953125,10833.8291015625,15.064026832580566,15.064026832580566,0.0064847153,757463.375,3069.800537109375,10771.2197265625,35.99767303466797,35.99767303466797,758504.6875,7.145982392564449e+17,1.0619377420421038e+18
257,3518.5849609375,10833.072265625,13.621538162231445,13.621538162231445,0.0064737923,757486.625,3747.894287109375,10787.376953125,20.842763900756836,20.842763900756836,755691.9375,1.289393162724311e+18,1.0523409983964447e+18
258,3515.725830078125,10832.072265625,12.586055755615234,12.586055755615234,0.006462889,757499.5625,3291.064208984375,10764.26953125,18.58955955505371,18.58955955505371,757706.5625,9.026390543009055e+17,1.0499168501351055e+18
259,3512.320556640625,10828.919921875,12.779831886291504,12.779831886291504,0.0064520026,757523.625,3368.021240234375,10777.59765625,16.04796028137207,16.04796028137207,757189.125,9.53433811444564e+17,1.0534837345750876e+18
260,3519.473876953125,10830.92578125,13.553539276123047,13.553539276123047,0.0064411354,757462.375,3708.353515625,10786.5244140625,18.288179397583008,18.288179397583008,755696.375,1.192135861689385e+18,1.0532738652931359e+18
261,3513.5703125,10833.771484375,14.972803115844727,14.972803115844727,0.006430286,757524.75,3652.299560546875,10789.6376953125,219.24278259277344,219.24278259277344,744169.875,9.993753242632192e+17,1.0457132797431644e+18
262,3508.473388671875,10835.4638671875,12.716622352600098,12.716622352600098,0.006419455,757508.375,3750.79541015625,10775.5419921875,22.867666244506836,22.867666244506836,755614.25,1.1914307998580736e+18,1.0417230833264886e+18
263,3532.570556640625,10832.505859375,13.063864707946777,13.063864707946777,0.0064086425,757484.1875,3329.50146484375,10778.212890625,17.941402435302734,17.941402435302734,756589.625,8.932568528616161e+17,1.0600219117501809e+18
264,3509.17431640625,10832.98046875,12.688812255859375,12.688812255859375,0.006397848,757482.3125,3464.720458984375,10772.7412109375,15.68360710144043,15.68360710144043,756969.0625,9.816360785385882e+17,1.0388635284605501e+18
265,3518.3115234375,10831.8974609375,12.02680778503418,12.02680778503418,0.006387072,757526.125,3799.98974609375,10773.4404296875,22.151262283325195,22.151262283325195,755860.3125,1.28762446083208e+18,1.0510795836814787e+18
266,3514.5546875,10831.787109375,14.407057762145996,14.407057762145996,0.006376314,757493.875,3779.763671875,10768.1826171875,21.05597686767578,21.05597686767578,756018.0,1.2944237032992932e+18,1.0430679234862121e+18
267,3528.03857421875,10834.4287109375,14.856234550476074,14.856234550476074,0.006365574,757484.75,3539.282958984375,10772.01953125,14.533990859985352,14.533990859985352,756742.25,1.025102247085736e+18,1.0656255727611412e+18
268,3514.815673828125,10832.22265625,13.881234169006348,13.881234169006348,0.006354852,757509.125,3828.086669921875,10773.54296875,23.519655227661133,23.519655227661133,756001.625,1.3140539715847455e+18,1.0436923773713121e+18
269,3525.591552734375,10827.0693359375,12.726669311523438,12.726669311523438,0.0063441484,757486.0625,3396.36572265625,10781.181640625,16.342775344848633,16.342775344848633,756857.25,9.197272517029396e+17,1.0621513221757993e+18
270,3518.16064453125,10831.228515625,12.544698715209961,12.544698715209961,0.0063334624,757513.5625,3181.5380859375,10776.4423828125,28.251314163208008,28.251314163208008,757611.4375,8.010865110920724e+17,1.0417639026956698e+18
271,3518.73486328125,10829.2822265625,12.016709327697754,12.016709327697754,0.006322795,757518.8125,3430.372802734375,10782.001953125,15.206753730773926,15.206753730773926,757421.4375,9.821498253466665e+17,1.0467479201849016e+18
272,3521.473876953125,10828.7587890625,12.637274742126465,12.637274742126465,0.006312145,757506.9375,3523.80908203125,10787.6328125,13.577027320861816,13.577027320861816,756418.1875,1.0830039725134316e+18,1.0517480867511665e+18
273,3512.512939453125,10830.0048828125,12.617657661437988,12.617657661437988,0.006301513,757507.75,3694.725341796875,10785.5419921875,17.483152389526367,17.483152389526367,756369.125,1.1811076226238382e+18,1.0433390218219356e+18
274,3521.38037109375,10830.0380859375,11.953035354614258,11.953035354614258,0.0062908996,757520.25,3794.93798828125,10780.1142578125,23.01475715637207,23.01475715637207,756265.5,1.3262889246617764e+18,1.0513956932744643e+18
275,3517.30517578125,10828.30859375,12.19585132598877,12.19585132598877,0.006280303,757510.75,3730.9208984375,10784.8837890625,18.641996383666992,18.641996383666992,755929.0,1.2283763146966958e+18,1.0490683020363694e+18
276,3513.484375,10828.564453125,13.301705360412598,13.301705360412598,0.006269725,757517.875,4302.92236328125,10803.2958984375,69.8704833984375,69.8704833984375,754652.6875,1.7453077207659315e+18,1.0487209250814689e+18
277,3521.8369140625,10828.0673828125,13.499839782714844,13.499839782714844,0.006259165,757520.1875,3715.282958984375,10794.802734375,20.576576232910156,20.576576232910156,755808.5625,1.2563729043968492e+18,1.0405961526274949e+18
278,3512.798583984375,10831.4345703125,14.376614570617676,14.376614570617676,0.0062486217,757549.0625,4117.076171875,10855.21484375,51.763084411621094,51.763084411621094,754299.25,1.5209735387170734e+18,1.0533931623047496e+18
279,3524.924560546875,10839.6220703125,14.145498275756836,14.145498275756836,0.0062380973,757504.875,3900.41748046875,10824.919921875,34.607540130615234,34.607540130615234,754427.0,1.3558928629227848e+18,1.0545288890967654e+18
280,3516.94482421875,10831.5986328125,12.424749374389648,12.424749374389648,0.0062275897,757510.9375,3825.207275390625,10789.6044921875,23.01740264892578,23.01740264892578,756012.0,1.2962337743165194e+18,1.0494097003967939e+18
281,3520.868408203125,10831.025390625,13.58753490447998,13.58753490447998,0.0062171007,757477.9375,3597.574951171875,10785.291015625,13.959725379943848,13.959725379943848,757111.5625,1.1052226973290988e+18,1.0552885829120819e+18
282,3520.73486328125,10829.3154296875,12.605295181274414,12.605295181274414,0.0062066284,757498.625,3660.7529296875,10779.134765625,15.645854949951172,15.645854949951172,756753.625,1.1539187616532398e+18,1.052626733980713e+18
283,3521.033447265625,10828.4814453125,12.395527839660645,12.395527839660645,0.0061961743,757472.6875,3543.402099609375,10782.2138671875,13.353240966796875,13.353240966796875,756927.6875,1.065117804547539e+18,1.0528806524472525e+18
284,3517.8359375,10828.6416015625,12.164700508117676,12.164700508117676,0.0061857384,757528.875,3726.891357421875,10774.3642578125,17.72258758544922,17.72258758544922,756140.5,1.2302234942313595e+18,1.047055508562772e+18
285,3523.421630859375,10829.0615234375,12.313724517822266,12.313724517822266,0.006175319,757479.5,3201.013427734375,10777.03515625,24.15454864501953,24.15454864501953,758536.125,8.34707377646207e+17,1.0565572131721052e+18
286,3519.6103515625,10828.064453125,12.629770278930664,12.629770278930664,0.0061649177,757503.1875,3831.412109375,10794.802734375,27.346214294433594,27.346214294433594,756329.375,1.3693151511188603e+18,1.0479018576382525e+18
287,3517.142333984375,10826.376953125,12.580698013305664,12.580698013305664,0.006154534,757541.875,3676.7744140625,10789.3916015625,17.603395462036133,17.603395462036133,756005.9375,1.20611271606272e+18,1.0520762222525809e+18
288,3513.599609375,10825.64453125,12.486326217651367,12.486326217651367,0.006144168,757491.25,3726.896484375,10786.458984375,18.005237579345703,18.005237579345703,756222.0,1.1907519888668754e+18,1.0497777619141919e+18
289,3525.83935546875,10827.7919921875,12.236309051513672,12.236309051513672,0.0061338185,757480.75,3377.55419921875,10781.44140625,15.897171020507812,15.897171020507812,757257.25,9.506624923867546e+17,1.0508048432134881e+18
290,3510.9384765625,10825.5419921875,12.140717506408691,12.140717506408691,0.0061234874,757539.5,3262.356689453125,10773.8115234375,20.403200149536133,20.403200149536133,757930.5,8.30898394489684e+17,1.050491207521665e+18
291,3518.97509765625,10824.6767578125,11.822295188903809,11.822295188903809,0.0061131734,757517.25,3714.341064453125,10791.1962890625,17.73728370666504,17.73728370666504,756081.5625,1.229978165699412e+18,1.0463272882678006e+18
292,3516.666259765625,10825.0927734375,11.937088966369629,11.937088966369629,0.0061028767,757508.5,3448.960205078125,10788.673828125,15.28057861328125,15.28057861328125,757401.25,9.785732514604646e+17,1.0446813880804966e+18
293,3524.600830078125,10827.1796875,14.351208686828613,14.351208686828613,0.0060925973,757490.25,3439.412353515625,10791.6328125,13.670228958129883,13.670228958129883,757372.9375,9.974258214276956e+17,1.056765776783999e+18
294,3501.48291015625,10828.1494140625,19.055381774902344,19.055381774902344,0.006082335,757536.5625,4037.8291015625,10787.345703125,41.487022399902344,41.487022399902344,755997.0625,1.4650233777092035e+18,1.0506595702396682e+18
295,3526.8095703125,10829.6572265625,14.001255989074707,14.001255989074707,0.00607209,757473.5,3845.219970703125,10794.62890625,27.576515197753906,27.576515197753906,754533.75,1.3768352608970342e+18,1.064667210938581e+18
296,3520.864013671875,10827.8173828125,12.615601539611816,12.615601539611816,0.0060618627,757430.0,3521.869140625,10783.02734375,13.576274871826172,13.576274871826172,756753.5,1.066332627457278e+18,1.0642458918267126e+18
297,3513.58251953125,10826.115234375,12.505586624145508,12.505586624145508,0.006051652,757452.3125,3622.74853515625,10773.818359375,14.598570823669434,14.598570823669434,756947.6875,1.1584113661643325e+18,1.0528070538876682e+18
298,3521.0029296875,10825.27734375,12.090710639953613,12.090710639953613,0.0060414593,757439.0625,3852.42626953125,10780.2080078125,27.87482452392578,27.87482452392578,755451.375,1.3717931754499604e+18,1.0617242993473618e+18
299,3522.6875,10828.3466796875,12.486964225769043,12.486964225769043,0.006031283,757438.875,3573.123291015625,10775.048828125,13.545462608337402,13.545462608337402,757091.0625,1.136075612079784e+18,1.0593409704552038e+18
300,3517.796875,10825.3251953125,12.224835395812988,12.224835395812988,0.006021125,757436.4375,3191.0458984375,10772.7392578125,25.994165420532227,25.994165420532227,758419.25,7.969505606652396e+17,1.0569855416706007e+18
301,3517.978759765625,10823.7236328125,12.063836097717285,12.063836097717285,0.0060109827,757465.1875,3398.137939453125,10777.4267578125,14.929758071899414,14.929758071899414,758050.6875,9.620296559115633e+17,1.0499368475028357e+18
302,3524.524658203125,10824.9541015625,12.34476089477539,12.34476089477539,0.0060008583,757467.0,3420.296630859375,10774.3193359375,13.80201244354248,13.80201244354248,757112.0625,1.005842033182507e+18,1.0577666759626588e+18
303,3527.254150390625,10824.6201171875,12.715707778930664,12.715707778930664,0.0059907506,757433.5,3489.4169921875,10783.0732421875,13.994338035583496,13.994338035583496,756793.625,1.0337922372358636e+18,1.0639216733354721e+18
304,3511.125732421875,10825.333984375,12.90019416809082,12.90019416809082,0.00598066,757509.75,3483.43701171875,10793.3486328125,13.838833808898926,13.838833808898926,756862.9375,1.0349683023607235e+18,1.0458755951472148e+18
305,3520.434814453125,10824.7841796875,12.75241470336914,12.75241470336914,0.0059705866,757462.5,3817.04248046875,10783.2978515625,22.49436378479004,22.49436378479004,755419.375,1.2964624727350968e+18,1.0583180810439885e+18
306,3521.560302734375,10824.2041015625,12.27466106414795,12.27466106414795,0.00596053,757416.25,3478.830078125,10798.7529296875,14.388463973999023,14.388463973999023,757138.375,1.0044363075663954e+18,1.0490422573546865e+18
307,3509.602783203125,10825.46484375,13.68786907196045,13.68786907196045,0.0059504905,757510.1875,3724.760498046875,10764.9736328125,18.55698585510254,18.55698585510254,756455.5,1.2028051102084628e+18,1.0528530959370813e+18
308,3536.32470703125,10826.59765625,13.484330177307129,13.484330177307129,0.0059404676,757414.625,3395.517333984375,10766.5732421875,15.920519828796387,15.920519828796387,756562.5625,9.114374150658458e+17,1.0678226718713446e+18
309,3519.3974609375,10823.2822265625,12.143531799316406,12.143531799316406,0.0059304624,757460.5625,3340.18017578125,10758.017578125,17.32089614868164,17.32089614868164,757231.5,9.105901726371676e+17,1.0523455338819092e+18
310,3520.08740234375,10820.5244140625,11.76628303527832,11.76628303527832,0.005920473,757471.5625,3371.287353515625,10754.4990234375,16.21966552734375,16.21966552734375,757204.0,9.098494453974303e+17,1.0552499625661563e+18
311,3516.4091796875,10819.732421875,12.728520393371582,12.728520393371582,0.005910501,757442.1875,3573.18896484375,10760.5927734375,17.534826278686523,17.534826278686523,756562.375,1.0451198183420723e+18,1.0513258055666237e+18
312,3518.2236328125,10825.169921875,14.642759323120117,14.642759323120117,0.0059005455,757499.25,4126.599609375,10779.080078125,51.695621490478516,51.695621490478516,754539.0625,1.575504642530345e+18,1.0597026410612654e+18
313,3524.80322265625,10821.607421875,13.127124786376953,13.127124786376953,0.005890607,757481.5625,3912.430419921875,10776.451171875,31.860694885253906,31.860694885253906,754952.0625,1.397693271353852e+18,1.0602451813300961e+18
314,3522.4931640625,10820.5517578125,13.239480018615723,13.239480018615723,0.0058806855,757431.8125,3426.6083984375,10812.2666015625,29.129850387573242,29.129850387573242,756311.625,9.80319001047466e+17,1.0510047481713132e+18
315,3536.177001953125,10850.8798828125,13.241418838500977,13.241418838500977,0.0058707804,757476.125,4081.005859375,10868.2421875,59.299713134765625,59.299713134765625,754041.0625,1.470356283981824e+18,1.0673146974993121e+18
316,3526.345703125,10846.5419921875,12.531351089477539,12.531351089477539,0.0058608917,757512.75,3593.766357421875,10830.0166015625,20.091270446777344,20.091270446777344,756077.6875,1.0205247053013975e+18,1.0517161321944842e+18
317,3521.06884765625,10843.880859375,13.091763496398926,13.091763496398926,0.0058510196,757450.1875,3687.58203125,10845.9716796875,19.100387573242188,19.100387573242188,755483.125,1.1832464476177695e+18,1.053250157073662e+18
318,3530.524169921875,10839.728515625,12.830918312072754,12.830918312072754,0.0058411644,757434.4375,3456.1865234375,10804.181640625,13.981369972229004,13.981369972229004,757095.0,1.0040640541609165e+18,1.0567588361168486e+18
319,3531.793701171875,10832.6962890625,13.48895263671875,13.48895263671875,0.005831326,757485.0625,3365.246337890625,10803.4482421875,19.288448333740234,19.288448333740234,757513.8125,9.341710549206958e+17,1.0578042655164334e+18
320,3524.333740234375,10826.7646484375,12.197906494140625,12.197906494140625,0.0058215037,757464.875,3337.114013671875,10766.5322265625,17.458740234375,17.458740234375,757995.5625,9.462972937855304e+17,1.0522889090330788e+18
321,3522.61474609375,10821.5966796875,12.918963432312012,12.918963432312012,0.0058116987,757456.375,3474.117431640625,10773.4326171875,14.003934860229492,14.003934860229492,757051.0625,1.0297627332784947e+18,1.0605219833823887e+18
322,3521.06201171875,10818.9228515625,11.940400123596191,11.940400123596191,0.0058019096,757460.25,3476.2177734375,10757.7880859375,13.232349395751953,13.232349395751953,757206.75,1.0183189475371254e+18,1.0571365870804664e+18
323,3521.63427734375,10819.7841796875,12.56409740447998,12.56409740447998,0.0057921372,757455.625,3450.181640625,10770.3681640625,13.397908210754395,13.397908210754395,757246.75,9.871264211324109e+17,1.0573344991734661e+18
324,3527.594970703125,10818.2353515625,12.058488845825195,12.058488845825195,0.005782381,757458.0,3298.87353515625,10774.505859375,18.112586975097656,18.112586975097656,757834.125,9.385037492094239e+17,1.0585525518986117e+18
325,3524.605224609375,10815.6845703125,12.444820404052734,12.444820404052734,0.005772642,757471.25,3391.58935546875,10784.611328125,16.30060577392578,16.30060577392578,757974.875,9.957925656241111e+17,1.0544078053787566e+18
